MEAN_RR,MEDIAN_RR,SDRR,RMSSD,SDSD,SDRR_RMSSD,HR,pNN50,SD1,SD2,VLF,LF,LF_NU,HF,HF_NU,TP,LF_HF,HF_LF
817.8047598889023,805.4054054054054,305.7858283230479,105.0744554024436,105.01949522937741,2.9101823764097907,85.91911764705883,41.911764705882355,74.53657173729435,425.97446529114416,25702.630068227045,28691.518113857983,93.22953841887802,2083.6188228365854,6.77046158112198,56477.76700492162,13.77004171751438,0.07262142123564382
