MEAN_RR,MEDIAN_RR,SDRR,RMSSD,SDSD,SDRR_RMSSD,HR,pNN50,SD1,SD2,VLF,LF,LF_NU,HF,HF_NU,TP,LF_HF,HF_LF
697.7373146532069,697.6744186046511,6.919448948199433,11.738403268265825,11.715743154254183,0.5894710541173697,86.0,0.0,8.688627665578123,4.501699321636989,0.03643437481846446,0.043019605359890606,1.3565594217807957,3.128209363247876,98.6434405782192,3.2076633434262307,0.013752150308515582,72.71590097301232
